SAR Strategy,# of Searcher UAVs,# of Survivors,# of Survivors rescued,Min.Time needed to rescue Survivors,Mean. Time needed to rescue Survivors,Max. Time needed to rescue Survivors,# of Survivors found,Min. Time needed to find Survivors,Mean Time needed to find Survivors,Max. Time needed to find Survivors,Running Time of Simulation,,,,,,,,,,,,,,,,,,,,,,,,
,,,,,,,,,,,,,,,,,,,,,,,,,,,,,,,,,,,
 maxsum,4,512,0,0,0,0,47,18631,752911,1873161,25445.495,,,,,,,,,,,,,,,,,,,,,,,,
,,,,,,,,,,,,,,,,,,,,,,,,,,,,,,,,,,,
 maxsum,4,512, maxsum,4,512, maxsum,4,512, maxsum,4,512, maxsum,4,512, maxsum,4,512, maxsum,4,512, maxsum,4,512, maxsum,4,512,57,14774,944935,2356823,57,14674,944834,2356722,56555.662
,,,,,,,,,,,,,,,,,,,,,,,,,,,,,,,,,,,
 maxsum,4,512,46,1805,1031604,2338240,46,1705,1031504,2338140,49644.532,,,,,,,,,,,,,,,,,,,,,,,,
,,,,,,,,,,,,,,,,,,,,,,,,,,,,,,,,,,,
 maxsum,4,512, maxsum,4,512,53,42074,866243,2459461,53,41974,866142,2459361,70262.638,,,,,,,,,,,,,,,,,,,,,
,,,,,,,,,,,,,,,,,,,,,,,,,,,,,,,,,,,
 maxsum,4,512,60,400,1012732,2425629,60,300,1012632,2425529,81998.101,,,,,,,,,,,,,,,,,,,,,,,,
,,,,,,,,,,,,,,,,,,,,,,,,,,,,,,,,,,,
 maxsum,4,512, maxsum,4,512, maxsum,4,512,0,0,0,0,52,22511,790838,2303130,25215.208,,,,,,,,,,,,,,,,,,
,,,,,,,,,,,,,,,,,,,,,,,,,,,,,,,,,,,
 maxsum,4,512,54,893,906954,2104597,54,793,906854,2104497,53637.524,,,,,,,,,,,,,,,,,,,,,,,,
,,,,,,,,,,,,,,,,,,,,,,,,,,,,,,,,,,,
 maxsum,4,512, maxsum,4,512,54,41729,767895,2508190,54,41629,767795,2508090,85002.059,,,,,,,,,,,,,,,,,,,,,
,,,,,,,,,,,,,,,,,,,,,,,,,,,,,,,,,,,
 maxsum,4,512, maxsum,4,512,64,614,919060,2406584,64,514,918960,2406484,57023.632,,,,,,,,,,,,,,,,,,,,,
,,,,,,,,,,,,,,,,,,,,,,,,,,,,,,,,,,,
 maxsum,4,512,51,71856,918926,2355150,51,71756,918826,2355049,55617.233,,,,,,,,,,,,,,,,,,,,,,,,
,,,,,,,,,,,,,,,,,,,,,,,,,,,,,,,,,,,
 maxsum,4,512,42,23863,967736,2141005,42,23763,967636,2140905,54090.005,,,,,,,,,,,,,,,,,,,,,,,,
,,,,,,,,,,,,,,,,,,,,,,,,,,,,,,,,,,,
 maxsum,4,512,48,55943,953645,2162537,48,55843,953545,2162437,52059.606,,,,,,,,,,,,,,,,,,,,,,,,
,,,,,,,,,,,,,,,,,,,,,,,,,,,,,,,,,,,
 maxsum,4,512, maxsum,4,512, maxsum,4,512, maxsum,4,512,55,17359,946355,2435131,55,17259,946254,2435030,71396.569,,,,,,,,,,,,,,,
,,,,,,,,,,,,,,,,,,,,,,,,,,,,,,,,,,,
 maxsum,4,512,49,23645,899806,2277069,49,23445,899541,2276869,140982.578,,,,,,,,,,,,,,,,,,,,,,,,
,,,,,,,,,,,,,,,,,,,,,,,,,,,,,,,,,,,
 maxsum,4,512,44,22308,907605,2353710,44,22208,907505,2353610,130469.413,,,,,,,,,,,,,,,,,,,,,,,,
,,,,,,,,,,,,,,,,,,,,,,,,,,,,,,,,,,,
 auction,4,512,57,50686,860384,2112547,57,47797,849286,2097713,51465.414,,,,,,,,,,,,,,,,,,,,,,,,
,,,,,,,,,,,,,,,,,,,,,,,,,,,,,,,,,,,
 auction,4,512,52,138442,948064,2493104,53,130899,961272,2479545,54602.187,,,,,,,,,,,,,,,,,,,,,,,,
,,,,,,,,,,,,,,,,,,,,,,,,,,,,,,,,,,,
 maxsum,4,512, maxsum,4,512,49,51546,1092071,2444551,49,51446,1091971,2444450,79841.75,,,,,,,,,,,,,,,,,,,,,
,,,,,,,,,,,,,,,,,,,,,,,,,,,,,,,,,,,
 maxsum,16,512,215,4643,908971,2368466,215,4542,908825,2368366,885120.033,,,,,,,,,,,,,,,,,,,,,,,,
,,,,,,,,,,,,,,,,,,,,,,,,,,,,,,,,,,,
 maxsum,8,2,0,0,0,0,0,0,0,0,32220,,,,,,,,,,,,,,,,,,,,,,,,
,,,,,,,,,,,,,,,,,,,,,,,,,,,,,,,,,,,
 maxsum,8,2,0,0,0,0,0,0,0,0,40660,,,,,,,,,,,,,,,,,,,,,,,,
,,,,,,,,,,,,,,,,,,,,,,,,,,,,,,,,,,,
 maxsum,8,2,1,426277,426277,426277,1,426177,426177,426177,36560,,,,,,,,,,,,,,,,,,,,,,,,
,,,,,,,,,,,,,,,,,,,,,,,,,,,,,,,,,,,
 maxsum,8,2,0,0,0,0,0,0,0,0,40730,,,,,,,,,,,,,,,,,,,,,,,,
,,,,,,,,,,,,,,,,,,,,,,,,,,,,,,,,,,,
 maxsum,8,2,1,457557,457557,457557,1,457457,457457,457457,8440,,,,,,,,,,,,,,,,,,,,,,,,
,,,,,,,,,,,,,,,,,,,,,,,,,,,,,,,,,,,
 maxsum,8,2,0,0,0,0,0,0,0,0,31360,,,,,,,,,,,,,,,,,,,,,,,,
,,,,,,,,,,,,,,,,,,,,,,,,,,,,,,,,,,,
 maxsum,8,2,0,0,0,0,0,0,0,0,25310,,,,,,,,,,,,,,,,,,,,,,,,
,,,,,,,,,,,,,,,,,,,,,,,,,,,,,,,,,,,
 maxsum,8,2,0,0,0,0,0,0,0,0,35590,,,,,,,,,,,,,,,,,,,,,,,,
,,,,,,,,,,,,,,,,,,,,,,,,,,,,,,,,,,,
 maxsum,8,2,0,0,0,0,0,0,0,0,33550,,,,,,,,,,,,,,,,,,,,,,,,
,,,,,,,,,,,,,,,,,,,,,,,,,,,,,,,,,,,
 maxsum,8,2,1,2163863,2163863,2163863,1,2163763,2163763,2163763,39500,,,,,,,,,,,,,,,,,,,,,,,,
,,,,,,,,,,,,,,,,,,,,,,,,,,,,,,,,,,,
 maxsum,8,4,0,0,0,0,0,0,0,0,35770,,,,,,,,,,,,,,,,,,,,,,,,
,,,,,,,,,,,,,,,,,,,,,,,,,,,,,,,,,,,
 maxsum,8,4,1,723930,723930,723930,1,723830,723830,723830,41990,,,,,,,,,,,,,,,,,,,,,,,,
,,,,,,,,,,,,,,,,,,,,,,,,,,,,,,,,,,,
 maxsum,8,4,0,0,0,0,0,0,0,0,22010,,,,,,,,,,,,,,,,,,,,,,,,
,,,,,,,,,,,,,,,,,,,,,,,,,,,,,,,,,,,
 maxsum,8,4,1,720131,720131,720131,1,720031,720031,720031,42690,,,,,,,,,,,,,,,,,,,,,,,,
,,,,,,,,,,,,,,,,,,,,,,,,,,,,,,,,,,,
 maxsum,8,4,1,853265,853265,853265,1,853165,853165,853165,26240,,,,,,,,,,,,,,,,,,,,,,,,
,,,,,,,,,,,,,,,,,,,,,,,,,,,,,,,,,,,
 maxsum,8,4,1,594309,594309,594309,1,594209,594209,594209,48730,,,,,,,,,,,,,,,,,,,,,,,,
,,,,,,,,,,,,,,,,,,,,,,,,,,,,,,,,,,,
 maxsum,8,4,1,1229163,1229163,1229163,1,1229063,1229063,1229063,29980,,,,,,,,,,,,,,,,,,,,,,,,
,,,,,,,,,,,,,,,,,,,,,,,,,,,,,,,,,,,
 maxsum,8,4,1,1057314,1057314,1057314,1,1057214,1057214,1057214,42780,,,,,,,,,,,,,,,,,,,,,,,,
,,,,,,,,,,,,,,,,,,,,,,,,,,,,,,,,,,,
 maxsum,8,4,1,77909,77909,77909,1,77808,77808,77808,27860,,,,,,,,,,,,,,,,,,,,,,,,
,,,,,,,,,,,,,,,,,,,,,,,,,,,,,,,,,,,
 maxsum,8,4,1,469614,469614,469614,1,469514,469514,469514,33740,,,,,,,,,,,,,,,,,,,,,,,,
,,,,,,,,,,,,,,,,,,,,,,,,,,,,,,,,,,,
 maxsum,8,8,3,596863,829049,1114991,3,596763,828949,1114891,39280,,,,,,,,,,,,,,,,,,,,,,,,
,,,,,,,,,,,,,,,,,,,,,,,,,,,,,,,,,,,
 maxsum,8,8,2,180451,523024,865597,2,180351,522923,865496,49390,,,,,,,,,,,,,,,,,,,,,,,,
,,,,,,,,,,,,,,,,,,,,,,,,,,,,,,,,,,,
 maxsum,8,8,0,0,0,0,0,0,0,0,18260,,,,,,,,,,,,,,,,,,,,,,,,
,,,,,,,,,,,,,,,,,,,,,,,,,,,,,,,,,,,
 maxsum,8,8,2,1158640,1509070,1859500,2,1158539,1508969,1859400,41000,,,,,,,,,,,,,,,,,,,,,,,,
,,,,,,,,,,,,,,,,,,,,,,,,,,,,,,,,,,,
 maxsum,8,8,1,696353,696353,696353,1,696253,696253,696253,44230,,,,,,,,,,,,,,,,,,,,,,,,
,,,,,,,,,,,,,,,,,,,,,,,,,,,,,,,,,,,
 maxsum,8,8,1,237509,237509,237509,1,237408,237408,237408,45210,,,,,,,,,,,,,,,,,,,,,,,,
,,,,,,,,,,,,,,,,,,,,,,,,,,,,,,,,,,,
 maxsum,8,8,2,752761,1052837,1352913,2,752661,1052736,1352812,37660,,,,,,,,,,,,,,,,,,,,,,,,
,,,,,,,,,,,,,,,,,,,,,,,,,,,,,,,,,,,
 maxsum,8,8,1,472301,472301,472301,1,472201,472201,472201,47050,,,,,,,,,,,,,,,,,,,,,,,,
,,,,,,,,,,,,,,,,,,,,,,,,,,,,,,,,,,,
 maxsum,8,8,1,72760,72760,72760,1,72660,72660,72660,45860,,,,,,,,,,,,,,,,,,,,,,,,
,,,,,,,,,,,,,,,,,,,,,,,,,,,,,,,,,,,
 maxsum,8,8,1,275379,275379,275379,1,275279,275279,275279,42450,,,,,,,,,,,,,,,,,,,,,,,,
,,,,,,,,,,,,,,,,,,,,,,,,,,,,,,,,,,,
 maxsum,8,16,4,209853,1003280,1974555,4,209753,1003179,1974455,47180,,,,,,,,,,,,,,,,,,,,,,,,
,,,,,,,,,,,,,,,,,,,,,,,,,,,,,,,,,,,
 maxsum,8,16,5,282512,1110195,1534284,5,282412,1110095,1534183,38530,,,,,,,,,,,,,,,,,,,,,,,,
,,,,,,,,,,,,,,,,,,,,,,,,,,,,,,,,,,,
 maxsum,8,16,2,907499,1449505,1991511,2,907399,1449405,1991411,45000,,,,,,,,,,,,,,,,,,,,,,,,
,,,,,,,,,,,,,,,,,,,,,,,,,,,,,,,,,,,
 maxsum,8,16,2,569440,888551,1207663,2,569340,888451,1207563,44670,,,,,,,,,,,,,,,,,,,,,,,,
,,,,,,,,,,,,,,,,,,,,,,,,,,,,,,,,,,,
 maxsum,8,16,1,651495,651495,651495,1,651395,651395,651395,46390,,,,,,,,,,,,,,,,,,,,,,,,
,,,,,,,,,,,,,,,,,,,,,,,,,,,,,,,,,,,
 maxsum,8,16,4,115857,621047,1283331,4,115757,620947,1283231,46450,,,,,,,,,,,,,,,,,,,,,,,,
,,,,,,,,,,,,,,,,,,,,,,,,,,,,,,,,,,,
 maxsum,8,16,2,31006,213970,396935,2,30906,213870,396835,52350,,,,,,,,,,,,,,,,,,,,,,,,
,,,,,,,,,,,,,,,,,,,,,,,,,,,,,,,,,,,
 maxsum,8,16,3,607516,748182,877809,3,607416,748082,877709,46270,,,,,,,,,,,,,,,,,,,,,,,,
,,,,,,,,,,,,,,,,,,,,,,,,,,,,,,,,,,,
 maxsum,8,16,3,132872,279101,534080,3,132772,279001,533980,51550,,,,,,,,,,,,,,,,,,,,,,,,
,,,,,,,,,,,,,,,,,,,,,,,,,,,,,,,,,,,
 maxsum,8,16,0,0,0,0,0,0,0,0,39380,,,,,,,,,,,,,,,,,,,,,,,,
,,,,,,,,,,,,,,,,,,,,,,,,,,,,,,,,,,,
 maxsum,8,64,9,18774,1008920,2059117,9,18674,1008819,2059017,47520,,,,,,,,,,,,,,,,,,,,,,,,
,,,,,,,,,,,,,,,,,,,,,,,,,,,,,,,,,,,
 maxsum,8,64,18,42628,821592,1835781,18,42528,821492,1835681,54150,,,,,,,,,,,,,,,,,,,,,,,,
,,,,,,,,,,,,,,,,,,,,,,,,,,,,,,,,,,,
 maxsum,8,64,15,7533,652421,1571965,15,7433,652321,1571865,51630,,,,,,,,,,,,,,,,,,,,,,,,
,,,,,,,,,,,,,,,,,,,,,,,,,,,,,,,,,,,
 maxsum,8,64,13,146072,832366,2037928,13,145972,832266,2037828,52310,,,,,,,,,,,,,,,,,,,,,,,,
,,,,,,,,,,,,,,,,,,,,,,,,,,,,,,,,,,,
 maxsum,8,64,17,1887,739474,1714895,17,1787,739187,1714795,50100,,,,,,,,,,,,,,,,,,,,,,,,
,,,,,,,,,,,,,,,,,,,,,,,,,,,,,,,,,,,
 maxsum,8,64,13,73211,1033733,2301712,13,73111,1033633,2301611,51680,,,,,,,,,,,,,,,,,,,,,,,,
,,,,,,,,,,,,,,,,,,,,,,,,,,,,,,,,,,,
 maxsum,8,64,13,2180,895154,1924581,13,2080,895053,1924481,52780,,,,,,,,,,,,,,,,,,,,,,,,
,,,,,,,,,,,,,,,,,,,,,,,,,,,,,,,,,,,
 maxsum,8,64,13,32876,732245,1779811,13,32776,732145,1779711,50790,,,,,,,,,,,,,,,,,,,,,,,,
,,,,,,,,,,,,,,,,,,,,,,,,,,,,,,,,,,,
 maxsum,8,64,8,28863,417756,1060273,8,28763,417656,1060171,51770,,,,,,,,,,,,,,,,,,,,,,,,
,,,,,,,,,,,,,,,,,,,,,,,,,,,,,,,,,,,
 maxsum,8,64,8,33003,755891,1329165,8,32903,755791,1329065,53390,,,,,,,,,,,,,,,,,,,,,,,,
,,,,,,,,,,,,,,,,,,,,,,,,,,,,,,,,,,,
 maxsum,8,256,53,15311,840537,2352078,53,15211,840440,2352050,83090,,,,,,,,,,,,,,,,,,,,,,,,
,,,,,,,,,,,,,,,,,,,,,,,,,,,,,,,,,,,
 maxsum,8,256,51,23931,1024884,2462257,51,23831,1024721,2462157,82660,,,,,,,,,,,,,,,,,,,,,,,,
,,,,,,,,,,,,,,,,,,,,,,,,,,,,,,,,,,,
 maxsum,8,256,64,9069,948198,2423001,64,8969,948098,2422901,77160,,,,,,,,,,,,,,,,,,,,,,,,
,,,,,,,,,,,,,,,,,,,,,,,,,,,,,,,,,,,
 maxsum,8,256,47,69342,848400,2105490,47,69242,848300,2105389,75160,,,,,,,,,,,,,,,,,,,,,,,,
,,,,,,,,,,,,,,,,,,,,,,,,,,,,,,,,,,,
 maxsum,8,256,57,31270,796691,2462930,57,31170,796546,2462830,76700,,,,,,,,,,,,,,,,,,,,,,,,
,,,,,,,,,,,,,,,,,,,,,,,,,,,,,,,,,,,
 maxsum,8,256,57,31602,888837,2016308,57,31502,888738,2016208,76430,,,,,,,,,,,,,,,,,,,,,,,,
,,,,,,,,,,,,,,,,,,,,,,,,,,,,,,,,,,,
 maxsum,8,256,61,2826,835820,2499542,61,2726,835720,2499441,72960,,,,,,,,,,,,,,,,,,,,,,,,
,,,,,,,,,,,,,,,,,,,,,,,,,,,,,,,,,,,
 maxsum,8,256,56,14967,879248,2125237,56,14867,879148,2125137,73510,,,,,,,,,,,,,,,,,,,,,,,,
,,,,,,,,,,,,,,,,,,,,,,,,,,,,,,,,,,,
 maxsum,8,256,42,19132,986629,2279626,42,19032,986528,2279526,74420,,,,,,,,,,,,,,,,,,,,,,,,
,,,,,,,,,,,,,,,,,,,,,,,,,,,,,,,,,,,
 maxsum,8,256,56,6149,1048074,2554012,56,6049,1047976,2553912,74230,,,,,,,,,,,,,,,,,,,,,,,,
,,,,,,,,,,,,,,,,,,,,,,,,,,,,,,,,,,,
 maxsum,8,512,96,19961,862347,2320509,96,19861,862247,2320409,240390,,,,,,,,,,,,,,,,,,,,,,,,
,,,,,,,,,,,,,,,,,,,,,,,,,,,,,,,,,,,
 maxsum,8,512,104,6443,905789,2503962,104,6343,905657,2503861,190580,,,,,,,,,,,,,,,,,,,,,,,,
,,,,,,,,,,,,,,,,,,,,,,,,,,,,,,,,,,,
 maxsum,8,512,110,58137,1028539,2489538,110,58037,1028440,2489437,165190,,,,,,,,,,,,,,,,,,,,,,,,
,,,,,,,,,,,,,,,,,,,,,,,,,,,,,,,,,,,
 maxsum,8,512,97,1463,801381,2381901,97,1363,801281,2381801,158480,,,,,,,,,,,,,,,,,,,,,,,,
,,,,,,,,,,,,,,,,,,,,,,,,,,,,,,,,,,,
 maxsum,8,512,103,1695,964528,2457268,103,1595,964428,2457167,160270,,,,,,,,,,,,,,,,,,,,,,,,
,,,,,,,,,,,,,,,,,,,,,,,,,,,,,,,,,,,
 maxsum,8,512, maxsum,8,512,106,5899,878220,2455906,106,5798,878089,2455806,185930,,,,,,,,,,,,,,,,,,,,,
,,,,,,,,,,,,,,,,,,,,,,,,,,,,,,,,,,,
 maxsum,8,512,94,22038,969388,2406206,94,21938,969288,2406106,147640,,,,,,,,,,,,,,,,,,,,,,,,
,,,,,,,,,,,,,,,,,,,,,,,,,,,,,,,,,,,
 maxsum,8,512,101,3032,958244,2472542,101,2932,958144,2472442,277310,,,,,,,,,,,,,,,,,,,,,,,,
,,,,,,,,,,,,,,,,,,,,,,,,,,,,,,,,,,,
 maxsum,8,512,108,8184,855648,2561295,108,8084,855483,2561194,232160,,,,,,,,,,,,,,,,,,,,,,,,
,,,,,,,,,,,,,,,,,,,,,,,,,,,,,,,,,,,
 maxsum,8,1024,202,9824,905647,2447373,202,9723,905530,2447273,1033120,,,,,,,,,,,,,,,,,,,,,,,,
,,,,,,,,,,,,,,,,,,,,,,,,,,,,,,,,,,,
 maxsum,8,1024,212,6628,912273,2471249,212,6528,912156,2471149,865100,,,,,,,,,,,,,,,,,,,,,,,,
,,,,,,,,,,,,,,,,,,,,,,,,,,,,,,,,,,,
 maxsum,8,1024,222,5393,846429,2471154,222,5293,846255,2471053,1363940,,,,,,,,,,,,,,,,,,,,,,,,
,,,,,,,,,,,,,,,,,,,,,,,,,,,,,,,,,,,
 maxsum,8,1024,206,7216,921931,2488094,206,7116,921832,2487994,753390,,,,,,,,,,,,,,,,,,,,,,,,
,,,,,,,,,,,,,,,,,,,,,,,,,,,,,,,,,,,
 maxsum,8,1024,199,3637,819548,2479354,199,3537,819411,2479253,930860,,,,,,,,,,,,,,,,,,,,,,,,
,,,,,,,,,,,,,,,,,,,,,,,,,,,,,,,,,,,
 maxsum,8,1024,198,3755,940246,2454218,198,3655,940147,2454118,711960,,,,,,,,,,,,,,,,,,,,,,,,
,,,,,,,,,,,,,,,,,,,,,,,,,,,,,,,,,,,
 maxsum,8,1024,204,15124,958272,2542285,204,15024,958124,2542185,1020790,,,,,,,,,,,,,,,,,,,,,,,,
,,,,,,,,,,,,,,,,,,,,,,,,,,,,,,,,,,,
 maxsum,8,1024,219,7250,835016,2541529,219,7150,834902,2541429,908380,,,,,,,,,,,,,,,,,,,,,,,,
,,,,,,,,,,,,,,,,,,,,,,,,,,,,,,,,,,,
 maxsum,8,1024,220,320,911540,2473365,220,220,911403,2473265,1331540,,,,,,,,,,,,,,,,,,,,,,,,
,,,,,,,,,,,,,,,,,,,,,,,,,,,,,,,,,,,
 maxsum,8,1024,208,657,862495,2516033,208,557,862365,2515933,1694430,,,,,,,,,,,,,,,,,,,,,,,,
,,,,,,,,,,,,,,,,,,,,,,,,,,,,,,,,,,,
 maxsum,8,2048,400,7367,891051,2551533,400,7267,890949,2551433,5312770,,,,,,,,,,,,,,,,,,,,,,,,
,,,,,,,,,,,,,,,,,,,,,,,,,,,,,,,,,,,
 maxsum,8,2048,400,1699,932001,2444591,400,1599,931876,2444491,6366040,,,,,,,,,,,,,,,,,,,,,,,,
,,,,,,,,,,,,,,,,,,,,,,,,,,,,,,,,,,,
 maxsum,8,2048,420,2163,861268,2450730,420,2063,861134,2450630,7326530,,,,,,,,,,,,,,,,,,,,,,,,
,,,,,,,,,,,,,,,,,,,,,,,,,,,,,,,,,,,
 maxsum,8,2048,396,7158,911147,2473542,396,7058,911033,2473441,6545850,,,,,,,,,,,,,,,,,,,,,,,,
,,,,,,,,,,,,,,,,,,,,,,,,,,,,,,,,,,,
 maxsum,8,2048,391,520,902805,2501836,391,420,902700,2501736,5272910,,,,,,,,,,,,,,,,,,,,,,,,
,,,,,,,,,,,,,,,,,,,,,,,,,,,,,,,,,,,
 maxsum,8,2048,393,139,888528,2491791,393,38,888413,2491691,6618340,,,,,,,,,,,,,,,,,,,,,,,,
,,,,,,,,,,,,,,,,,,,,,,,,,,,,,,,,,,,
 maxsum,8,2048,380,4202,897578,2492490,380,4102,897470,2492389,4680220,,,,,,,,,,,,,,,,,,,,,,,,
,,,,,,,,,,,,,,,,,,,,,,,,,,,,,,,,,,,
 maxsum,8,2048,396,2816,922687,2505307,396,2715,922571,2505206,5863930,,,,,,,,,,,,,,,,,,,,,,,,
,,,,,,,,,,,,,,,,,,,,,,,,,,,,,,,,,,,
 maxsum,8,2048,381,6409,891334,2552017,381,6309,891207,2551917,6019160,,,,,,,,,,,,,,,,,,,,,,,,
,,,,,,,,,,,,,,,,,,,,,,,,,,,,,,,,,,,
 maxsum,8,2048,410,716,910616,2490439,410,616,910509,2490339,5825760,,,,,,,,,,,,,,,,,,,,,,,,
,,,,,,,,,,,,,,,,,,,,,,,,,,,,,,,,,,,
 maxsum,8,4096,778,267,863690,2462544,778,167,863545,2462444,6.518011E7,,,,,,,,,,,,,,,,,,,,,,,,
,,,,,,,,,,,,,,,,,,,,,,,,,,,,,,,,,,,
 maxsum,8,4096,786,2239,880455,2487718,786,2138,880330,2487618,3.629832E7,,,,,,,,,,,,,,,,,,,,,,,,
 maxsum,= 16,= 2,1,287982,287982,287982,1,287882,287882,287882,117060.0

 maxsum,= 16,= 2,1,521211,521211,521211,1,521111,521111,521111,94700.0

 maxsum,= 16,= 2,1,370298,370298,370298,1,370198,370198,370198,106390.0

 maxsum,= 16,= 2,0,0,0,0,0,0,0,0,141480.0

 maxsum,= 16,= 2,0,0,0,0,0,0,0,0,66580.0

 maxsum,= 16,= 2,1,1951904,1951904,1951904,1,1951804,1951804,1951804,122460.0

 maxsum,= 16,= 2,0,0,0,0,0,0,0,0,85980.0

 maxsum,= 16,= 2,0,0,0,0,0,0,0,0,83330.0

 maxsum,= 16,= 2,0,0,0,0,0,0,0,0,153620.0

 maxsum,= 16,= 2,0,0,0,0,0,0,0,0,141710.0

 maxsum,= 16,= 4,2,181948,245727,309507,2,181848,245627,309406,53190.0

 maxsum,= 16,= 4,3,233721,477706,724059,3,233621,477606,723959,51630.0

 maxsum,= 16,= 4,3,581642,1000110,1293865,3,581542,1000010,1293765,90690.0

 maxsum,= 16,= 4,0,0,0,0,0,0,0,0,79040.0

 maxsum,= 16,= 4,2,440196,509736,579277,2,440096,509636,579177,177490.0

 maxsum,= 16,= 4,3,195626,614131,1426535,3,195526,614031,1426435,103480.0

 maxsum,= 16,= 4,1,1394181,1394181,1394181,1,1394081,1394081,1394081,89150.0

 maxsum,= 16,= 4,2,8255,634355,1260455,2,8155,634255,1260355,91900.0

 maxsum,= 16,= 4,1,160956,160956,160956,1,160856,160856,160856,94990.0

 maxsum,= 16,= 4,1,322671,322671,322671,1,322571,322571,322571,89960.0

 maxsum,= 16,= 8,3,197464,850813,2142448,3,197363,850712,2142348,162100.0

 maxsum,= 16,= 8,4,140734,871369,1429723,4,140633,871268,1429622,150910.0

 maxsum,= 16,= 8,5,610121,1154184,1768540,5,610021,1154084,1768440,178490.0

 maxsum,= 16,= 8,4,6096,854547,1376591,4,5996,854446,1376490,144060.0

 maxsum,= 16,= 8,4,142722,945472,2058957,4,142622,945371,2058856,166840.0

 maxsum,= 16,= 8,4,186959,667696,1324746,4,186859,667596,1324646,175980.0

 maxsum,= 16,= 8,4,164804,689728,1847124,4,164703,689627,1847023,128010.0

 maxsum,= 16,= 8,4,69817,308933,768349,4,69716,308833,768249,118490.0

 maxsum,= 16,= 8,3,199361,622796,855040,3,199261,622695,854939,173730.0

 maxsum,= 16,= 8,3,111470,625314,1174634,3,111369,625214,1174533,92700.0

 maxsum,= 16,= 16,9,236320,787172,1675438,9,236220,787072,1675338,126880.0

 maxsum,= 16,= 16,8,86831,421503,1267671,8,86731,421415,1267571,170860.0

 maxsum,= 16,= 16,9,233564,821317,1688022,9,233464,821217,1687922,168540.0

 maxsum,= 16,= 16,7,167903,589939,1826319,7,167803,589839,1826219,165650.0

 maxsum,= 16,= 16,6,323547,573066,1112792,6,323447,572966,1112692,153310.0

 maxsum,= 16,= 16,10,155866,922388,2421773,10,155765,922288,2421673,179130.0

 maxsum,= 16,= 16,7,96990,976120,1481744,7,96889,976020,1481644,110640.0

 maxsum,= 16,= 16,12,29958,976367,2437025,12,29858,976015,2437016,186850.0

 maxsum,= 16,= 16,5,105776,557429,881082,5,105675,557329,880982,151520.0

 maxsum,= 16,= 16,6,373197,1195212,2196116,6,373097,1195112,2196016,158250.0

 maxsum,= 16,= 64,21,127203,971106,2017022,21,127103,971006,2016922,175800.0

 maxsum,= 16,= 64,24,7394,798844,1874257,24,7294,798744,1874157,186680.0

 maxsum,= 16,= 64,36,165,935469,2179446,36,65,935369,2179346,194230.0

 maxsum,= 16,= 64,28,31403,903029,2412574,28,31303,902928,2412474,191030.0

 maxsum,= 16,= 64,30,89725,812875,2256089,30,89624,812775,2255989,170980.0

 maxsum,= 16,= 64,31,42349,1006072,2300885,31,42249,1005972,2300785,191130.0

 maxsum,= 16,= 64,26,20618,862052,1796101,26,20518,861952,1796001,158720.0

 maxsum,= 16,= 64,31,23789,944164,2181122,31,23688,944064,2181022,171970.0

 maxsum,= 16,= 64,30,29069,877147,2447521,30,28968,877047,2447421,186150.0

 maxsum,= 16,= 64,35,29891,879601,2288410,35,29791,879501,2288310,172930.0

 maxsum,= 16,= 256,98,1639,868084,2495657,98,1539,867984,2495557,256950.0

 maxsum,= 16,= 256,108,15413,871079,2556826,108,15313,870951,2556726,299270.0

 maxsum,= 16,= 256,106,18106,783666,2555616,106,18005,783566,2555516,272290.0

 maxsum,= 16,= 256,94,9009,893586,2529480,94,8908,893487,2529380,254960.0

 maxsum,= 16,= 256,98,709,902597,2468626,98,609,902497,2468525,266480.0

 maxsum,= 16,= 256,104,61028,907602,2517380,104,60928,907503,2517280,268660.0

 maxsum,= 16,= 256,120,17881,808558,2416550,120,17781,808405,2416450,360980.0

 maxsum,= 16,= 256,109,16361,879510,2526561,109,16261,879409,2526461,267020.0

 maxsum,= 16,= 256,94,8237,944431,2462814,94,8137,944323,2462714,264560.0

 maxsum,= 16,= 256,109,10495,871380,2443982,109,10395,871280,2443882,272890.0

 maxsum,= 16,= 512,191,1339,890574,2447696,191,1239,890457,2447596,678940.0

 maxsum,= 16,= 512,233,4897,923374,2428474,233,4796,923226,2428374,891090.0

 maxsum,= 16,= 512,224,589,934798,2510285,224,489,934699,2510185,639870.0

 maxsum,= 16,= 512,210,665,821754,2501195,210,565,821615,2501094,749900.0

 maxsum,= 16,= 512,239,10286,893325,2527459,239,10186,893192,2527359,847160.0

 maxsum,= 16,= 512,208,8004,891593,2541977,208,7904,891439,2541877,860040.0

 maxsum,= 16,= 512,221,1663,852622,2341675,221,1563,852482,2341574,825770.0

 maxsum,= 16,= 512, maxsum,= 16,= 512,219,2747,1003134,2393219,219,2647,1003020,2393119,694640.0

 maxsum,= 16,= 512,224,8375,868907,2489752,224,8274,868795,2489652,794800.0

 maxsum,= 16,= 1024,405,5338,882886,2502881,405,5238,882771,2502781,2858800.0

 maxsum,= 16,= 1024, maxsum,= 16,= 2048,839,705,862920,2460354,839,605,862779,2460254,2.441942E7

 maxsum,= 16,= 2048, maxsum,= 64,= 4,4,355387,680530,871177,4,355287,680430,871077,1699450.0

812,566,891905,2563414,813,466,892243,2563314,2.9016529E8

 maxsum,= 16,= 4096,1517,1157,911833,2548286,1517,1057,911698,2548186,1.755982E8

 maxsum,= 16,= 4096,1582,863,948420,2518914,1582,763,948282,2518814,2.2725001E8

 maxsum,= 128,= 64,64,2859,227435,436407,64,2758,227335,436307,2519980.0

 maxsum,= 128,= 64,63,2960,209821,383739,63,2860,209724,383638,2698160.0

 maxsum,= 128,= 64,64,3271,197211,440397,64,3171,197111,440297,2485420.0

 maxsum,= 128,= 64,64,1960,218884,437746,64,1859,218735,437646,2555330.0

 maxsum,= 128,= 64,64,6255,212261,441733,64,6155,212162,441633,2570420.0

 maxsum,= 128,= 64,64,2766,235666,441205,64,2666,235566,441104,2374310.0

 maxsum,= 128,= 64,64,6261,198470,427623,64,6161,198349,427523,2470090.0

 maxsum,= 128,= 64,64,7111,193326,436469,64,7011,193229,436369,2462800.0

 maxsum,= 128,= 64,64,9550,239637,438991,64,9449,239537,438891,2430860.0

 maxsum,= 128,= 64,64,16232,227217,421125,64,16131,227117,421025,2533640.0

 maxsum,= 128,= 256,254,359,211855,443594,254,259,211734,443494,6618280.0

 maxsum,= 128,= 256, maxsum,= 128,= 256,256,2307,226818,442508,256,2207,226685,442408,8844710.0

 maxsum,= 128,= 256,256,721,225344,440774,256,621,225213,440674,8776650.0

 maxsum,= 128,= 256,256,1747,225266,440914,256,1647,225062,438580,8513680.0

 maxsum,= 128,= 256, maxsum,= 128,= 256,253,1436,215435,443198,253,1336,215291,443098,6710770.0

 maxsum,= 128,= 256,256,1407,218530,442343,256,1307,218349,442243,8341500.0

 maxsum,= 128,= 256, maxsum,= 128,= 256, maxsum,= 128,= 512,505,342,210989,447726,505,242,210864,447626,2.43271E7

 maxsum,= 128,= 512, maxsum,= 128,= 512, maxsum,= 128,= 512, maxsum,= 128,= 512, maxsum,= 128,= 512,510,167,212494,446770,510,67,212359,446670,2.701519E7

 maxsum,= 128,= 512, maxsum,= 128,= 512,510,1599,231107,447375,510,1499,230979,447275,2.420338E7

 maxsum,= 128,= 512, maxsum,= 128,= 512, maxsum,= 128,= 2048, maxsum,= 128,= 2048, maxsum,= 16,= 2, none,= 16,= 2,0,0,0,0,0,0,0,0,3870.0

 none,= 16,= 2,1,1945012,1945012,1945012,1,1944912,1944912,1944912,4430.0

 none,= 16,= 2,1,1542106,1542106,1542106,1,1542006,1542006,1542006,4140.0

 none,= 16,= 2,0,0,0,0,0,0,0,0,4180.0

 none,= 16,= 2,0,0,0,0,0,0,0,0,3980.0

 none,= 16,= 2,1,336940,336940,336940,1,336840,336840,336840,3850.0

 none,= 16,= 2,0,0,0,0,0,0,0,0,1910.0

 none,= 16,= 2,1,656102,656102,656102,1,656002,656002,656002,2880.0

 none,= 16,= 2,0,0,0,0,0,0,0,0,5050.0

 none,= 16,= 2,1,99951,99951,99951,1,99851,99851,99851,3230.0

 none,= 16,= 4,1,792997,792997,792997,1,792897,792897,792897,2430.0

 none,= 16,= 4,0,0,0,0,0,0,0,0,3260.0

 none,= 16,= 4,2,760021,1118693,1477366,2,759921,1118593,1477266,3450.0

 none,= 16,= 4,2,319567,516231,712896,2,319467,516131,712796,4300.0

 none,= 16,= 4,0,0,0,0,0,0,0,0,5860.0

 none,= 16,= 4,1,1575483,1575483,1575483,1,1575383,1575383,1575383,5760.0

 none,= 16,= 4,1,1795696,1795696,1795696,1,1795596,1795596,1795596,6220.0

 none,= 16,= 4,2,62630,76947,91264,2,62530,76847,91164,3100.0

 none,= 16,= 4,2,403724,634323,864922,2,403624,634223,864822,5140.0

 none,= 16,= 4,1,1413887,1413887,1413887,1,1413787,1413787,1413787,3850.0

 none,= 16,= 8,3,77978,679133,1165873,3,77877,679032,1165773,4940.0

 none,= 16,= 8,1,412994,412994,412994,1,412893,412893,412893,4040.0

 none,= 16,= 8,1,729393,729393,729393,1,729293,729293,729293,6070.0

 none,= 16,= 8,3,583865,683641,743149,3,583765,683541,743049,5740.0

 none,= 16,= 8,2,687856,1065279,1442703,2,687756,1065179,1442602,4170.0

 none,= 16,= 8,1,1461179,1461179,1461179,1,1461079,1461079,1461079,6550.0

 none,= 16,= 8,2,865662,1542068,2218475,2,865561,1541968,2218375,5460.0

 none,= 16,= 8,2,547408,1048637,1549867,2,547307,1048536,1549766,5320.0

 none,= 16,= 8,3,1071856,1397273,1716834,3,1071755,1397172,1716733,5630.0

 none,= 16,= 8,4,45608,724343,1523149,4,45508,724243,1523048,5880.0

 none,= 16,= 16,6,249705,896039,1964414,6,249605,895348,1964313,5340.0

 none,= 16,= 16,7,264924,1212414,2343464,7,264824,1212314,2343364,5630.0

 none,= 16,= 16,6,596321,962137,1553999,6,596221,962037,1553899,6320.0

 none,= 16,= 16,2,702902,1216994,1731086,2,702802,1216894,1730986,6070.0

 none,= 16,= 16,4,363345,702467,1125800,4,363245,702367,1125700,5600.0

 none,= 16,= 16,6,186573,1087542,2177056,6,186473,1087441,2176956,5190.0

 none,= 16,= 16,4,267399,905115,2233003,4,267299,905015,2232903,6070.0

 none,= 16,= 16,8,46074,461300,961918,8,45973,461200,961818,4720.0

 none,= 16,= 16,6,76756,529370,1352761,6,76656,529270,1352661,5440.0

 none,= 16,= 16,7,109815,883041,2000337,7,109715,882940,2000237,6680.0

 none,= 16,= 64,18,2612,703690,1604977,18,2512,703589,1604877,6390.0

 none,= 16,= 64,27,15053,745346,1920614,27,14953,745246,1920514,6260.0

 none,= 16,= 64,20,646,697650,2080990,20,546,697550,2080890,7070.0

 none,= 16,= 64,20,28358,527540,2060552,20,28258,527439,2060452,6940.0

 none,= 16,= 64,25,32564,697651,1992232,25,32464,697551,1992132,6880.0

 none,= 16,= 64,25,23572,609148,1733014,25,23471,609048,1732914,6860.0

 none,= 16,= 64,18,68813,635974,1813478,18,68713,635874,1813378,6330.0

 none,= 16,= 64,25,1500,823511,2413433,25,1400,823410,2413332,6050.0

 none,= 16,= 64,19,15252,826537,2122712,19,15152,826437,2122612,6420.0

 none,= 16,= 64,21,18702,644887,1702535,21,18601,644787,1702435,6250.0

 none,= 16,= 256,70,4766,787528,2182833,70,4666,787428,2182733,8210.0

 none,= 16,= 256,87,2457,676550,2387179,87,2357,676450,2387079,8600.0

 none,= 16,= 256,74,4921,757913,2127152,74,4821,757813,2127052,8560.0

 none,= 16,= 256,84,4285,756019,2442426,84,4184,755880,2442326,7750.0

 none,= 16,= 256,76,13713,814590,2346795,76,13613,814450,2346695,9640.0

 none,= 16,= 256,68,31382,858790,2000830,68,31282,858643,2000730,7550.0

 none,= 16,= 256,86,15162,743279,2497727,86,15062,743179,2497627,7120.0

 none,= 16,= 256,86,10631,849476,2387341,86,10530,849334,2387241,9720.0

 none,= 16,= 256,92,2012,822901,2452843,92,1912,822767,2452743,8620.0

 none,= 16,= 256,99,13676,797582,2456783,99,13576,797482,2456683,8200.0

 none,= 16,= 512,168,3702,837311,2381529,168,3601,837211,2381428,11670.0

 none,= 16,= 512,163,2056,788396,2256509,163,1956,788256,2256409,10260.0

 none,= 16,= 512,158,16003,736195,2061673,158,15903,736095,2061573,11090.0

 none,= 16,= 512,179,3508,873877,2378316,179,3408,873777,2378216,11090.0

 none,= 16,= 512,157,5166,732272,2468862,157,5066,732148,2468762,11900.0

 none,= 16,= 512,152,3836,724722,2541317,152,3736,724622,2541217,8760.0

 none,= 16,= 512,182,9049,763081,2446421,182,8949,762980,2446321,11400.0

 none,= 16,= 512,182,7595,799445,2419288,182,7495,799328,2419187,11840.0

 none,= 16,= 512,162,6287,875179,2270014,162,6187,875033,2269913,11020.0

 none,= 16,= 512,175,2617,825153,2441410,175,2517,825030,2441310,9800.0

 none,= 16,= 1024,322,498,734422,2420461,322,397,734303,2420361,16190.0

 none,= 16,= 1024,351,4454,754930,2390642,351,4353,754830,2390542,15850.0

 none,= 16,= 2048,672,1457,780189,2324452,672,1357,780064,2324351,25190.0

 none,= 16,= 2048,631,184,816109,2557192,631,84,815999,2557092,24060.0

 none,= 16,= 4096,1287,340,804774,2483911,1287,240,804666,2483811,43260.0

 none,= 16,= 4096,1260,1594,811764,2540170,1260,1494,811636,2540070,48520.0

 none,= 128,= 64,61,17186,313105,1575736,61,17086,313005,1575636,34610.0

 none,= 128,= 64,57,6877,371262,1466641,57,6777,371109,1466541,24120.0

 none,= 128,= 64,59,4125,347270,1310342,59,4025,347170,1310242,23320.0

 none,= 128,= 64,63,7751,332336,1433712,63,7651,332186,1433612,25160.0

 none,= 128,= 64,61,959,405726,1474470,61,858,405626,1474370,26510.0

 none,= 128,= 64,55,22070,334978,1586291,55,21969,334815,1586191,26810.0

 none,= 128,= 64,58,4856,483658,1661806,58,4756,483504,1661706,35900.0

 none,= 128,= 64,58,6275,463903,1835291,58,6175,463693,1835191,32910.0

 none,= 128,= 64,52,923,408537,1477801,52,823,408437,1477701,25680.0

 none,= 128,= 64,55,2468,437386,1314024,55,2368,437286,1313924,23430.0

 none,= 128,= 256,229,352,346660,1646848,229,252,346527,1646748,34610.0

 none,= 128,= 256,240,497,360277,1956856,240,397,360150,1956755,38790.0

 none,= 128,= 256,235,2394,375936,1837818,235,2294,375809,1837718,34380.0

 none,= 128,= 256,231,365,401858,2142690,231,265,401758,2142590,41870.0

 none,= 128,= 256,239,1053,342390,2014550,239,953,342290,2014450,41650.0

 none,= 128,= 256,241,552,374138,1925013,241,452,374012,1924913,43590.0

 none,= 128,= 256,236,661,347897,1796675,236,561,347770,1796575,35240.0

 none,= 128,= 256,234,556,352993,1704179,234,456,352852,1704079,42240.0

 none,= 128,= 256,231,1001,377484,2235021,231,901,377370,2234921,42200.0

 none,= 128,= 256,232,1087,359007,1475552,232,987,358907,1475452,35360.0

 none,= 128,= 512,455,1084,381832,1824523,455,984,381718,1824423,42810.0

 none,= 128,= 512,457,653,379911,2215288,457,553,379788,2215187,47940.0

 none,= 128,= 512,457,429,385179,2013866,457,329,385065,2013766,42510.0

 none,= 128,= 512,468,1906,378072,2177347,468,1806,377952,2177247,46290.0

 none,= 128,= 512,457,289,360393,2101324,457,189,360279,2101224,40670.0

 none,= 128,= 512,463,356,370305,1938901,463,256,370185,1938801,40610.0

 none,= 128,= 512,466,3770,409898,2332371,466,3670,409784,2332270,51550.0

 none,= 128,= 512,471,1057,362320,2051616,471,957,362193,2051516,47910.0

 none,= 128,= 512,467,1640,360884,1927286,467,1540,360770,1927186,42510.0

 none,= 128,= 512,455,968,368208,2014448,455,868,368108,2014348,45560.0

 none,= 8,= 2,0,0,0,0,0,0,0,0,2820.0

 none,= 8,= 2,1,144909,144909,144909,1,144809,144809,144809,1020.0

 none,= 8,= 2,0,0,0,0,0,0,0,0,1280.0

 none,= 8,= 2,0,0,0,0,0,0,0,0,2260.0

 none,= 8,= 2,1,237958,237958,237958,1,237858,237858,237858,900.0

 none,= 8,= 2,0,0,0,0,0,0,0,0,1290.0

 none,= 8,= 2,0,0,0,0,0,0,0,0,2940.0

 none,= 8,= 2,0,0,0,0,0,0,0,0,740.0

 none,= 8,= 2,0,0,0,0,0,0,0,0,2350.0

 none,= 8,= 2,0,0,0,0,0,0,0,0,2830.0

 none,= 8,= 4,1,1622002,1622002,1622002,1,1621902,1621902,1621902,3150.0

 none,= 8,= 4,1,200238,200238,200238,1,200138,200138,200138,2410.0

 none,= 8,= 4,0,0,0,0,0,0,0,0,3460.0

 none,= 8,= 4,0,0,0,0,0,0,0,0,1980.0

 none,= 8,= 4,0,0,0,0,0,0,0,0,2720.0

 none,= 8,= 4,2,159927,614232,1068537,2,159827,614131,1068436,3260.0

 none,= 8,= 4,0,0,0,0,0,0,0,0,2650.0

 none,= 8,= 4,0,0,0,0,0,0,0,0,3000.0

 none,= 8,= 4,1,248914,248914,248914,1,248814,248814,248814,2130.0

 none,= 8,= 4,0,0,0,0,0,0,0,0,2800.0

 none,= 8,= 8,0,0,0,0,0,0,0,0,2820.0

 none,= 8,= 8,1,2148679,2148679,2148679,1,2148578,2148578,2148578,3300.0

 none,= 8,= 8,0,0,0,0,0,0,0,0,2290.0

 none,= 8,= 8,0,0,0,0,0,0,0,0,3090.0

 none,= 8,= 8,2,521598,1116831,1712064,2,521498,1116731,1711964,2880.0

 none,= 8,= 8,0,0,0,0,0,0,0,0,3000.0

 none,= 8,= 8,2,998595,1169023,1339451,2,998495,1168923,1339351,3620.0

 none,= 8,= 8,2,425149,481794,538440,2,425048,481694,538340,3060.0

 none,= 8,= 8,2,946199,1232476,1518753,2,946099,1232376,1518653,2630.0

 none,= 8,= 8,1,1640086,1640086,1640086,1,1639986,1639986,1639986,3690.0

 none,= 8,= 16,3,386779,986422,1758067,3,386679,986322,1757967,4570.0

 none,= 8,= 16,1,60497,60497,60497,1,60397,60397,60397,2920.0

 none,= 8,= 16,3,236444,985919,2233221,3,236343,985818,2233121,3390.0

 none,= 8,= 16,2,85912,262731,439551,2,85812,262631,439451,3790.0

 none,= 8,= 16,1,170856,170856,170856,1,170756,170756,170756,3370.0

 none,= 8,= 16,3,364197,862969,1718257,3,364097,862869,1718157,2760.0

 none,= 8,= 16,7,184469,1019962,1660801,7,184369,1019862,1660701,3580.0

 none,= 8,= 16,4,16322,591387,1481370,4,16222,591287,1481270,3330.0

 none,= 8,= 16,1,1234733,1234733,1234733,1,1234633,1234633,1234633,4020.0

 none,= 8,= 16,3,302520,1096196,1498698,3,302420,1096096,1498598,3670.0

 none,= 8,= 64,11,88667,929421,2337141,11,88567,928750,2337041,4060.0

 none,= 8,= 64,11,91756,850797,1685392,11,91656,850697,1685292,3850.0

 none,= 8,= 64,10,129259,841940,2014883,10,129159,841839,2014783,4360.0

 none,= 8,= 64,14,20955,987525,2262284,14,20855,987425,2262184,4540.0

 none,= 8,= 64,9,4005,616409,2000446,9,3905,616309,2000346,3820.0

 none,= 8,= 64,10,28060,835227,2129988,10,27960,834799,2129888,4070.0

 none,= 8,= 64,8,767693,1467021,2575800,8,767593,1466921,2575700,4140.0

 none,= 8,= 64,12,140653,1052401,1997089,12,140552,1052301,1996989,3930.0

 none,= 8,= 64,13,143202,868373,2233336,13,143102,868273,2233236,3900.0

 none,= 8,= 64,12,3022,625842,2139656,12,2922,625742,2139556,3770.0

 none,= 8,= 256,37,19241,899551,2589017,37,19141,899451,2588917,5160.0

 none,= 8,= 256,52,2835,809037,2119364,52,2735,808937,2119264,5610.0

 none,= 8,= 256,48,5588,804862,2017493,48,5488,804697,2017392,5530.0

 none,= 8,= 256,51,5744,872520,2185426,51,5644,872420,2185326,6030.0

 none,= 8,= 256,50,29424,726305,2077966,50,29324,726204,2077866,5480.0

 none,= 8,= 256,46,14263,823265,2300517,46,14163,823165,2300417,5610.0

 none,= 8,= 256,47,14057,834769,2260450,47,13956,834669,2260350,6420.0

 none,= 8,= 256,47,70821,829850,2269882,47,70721,829750,2269782,6460.0

 none,= 8,= 256,48,16489,703629,2171785,48,16389,703529,2171685,6250.0

 none,= 8,= 256,43,65204,806964,1993645,43,65104,806864,1993545,6180.0

 none,= 8,= 512,88,6876,917053,2239305,88,6776,916952,2239204,7120.0

 none,= 8,= 512,80,3623,850053,2494664,80,3523,849953,2494564,8930.0

 none,= 8,= 512,92,43159,819221,2095218,92,43059,819121,2095118,8160.0

 none,= 8,= 512,92,29154,919483,2454912,92,29054,919312,2451451,9070.0

 none,= 8,= 512,95,3054,792850,2409529,95,2954,792749,2409429,7810.0

 none,= 8,= 512,88,1168,927172,2382854,88,1068,927072,2382754,8630.0

 none,= 8,= 512,79,49727,875790,2574394,79,49627,875647,2574294,9160.0

 none,= 8,= 512,101,15289,833185,2330827,101,15189,833051,2330726,8600.0

 none,= 8,= 512,92,20155,896344,2492468,92,20055,896206,2492368,7720.0

 none,= 8,= 512,100,1886,769861,2169806,100,1786,769727,2169705,9240.0

 none,= 8,= 1024,190,4674,789791,2508871,190,4574,789691,2508770,12540.0

 none,= 8,= 1024,207,2540,792892,2382031,207,2440,792776,2381930,12790.0

 none,= 8,= 1024,192,9494,829956,2409602,192,9394,829839,2409502,11320.0

 none,= 8,= 1024,172,1369,845843,2357781,172,1269,845705,2357681,14530.0

 none,= 8,= 1024,173,15001,944854,2428959,173,14901,944754,2428859,13120.0

 none,= 8,= 1024,197,19812,860702,2450654,197,19712,860602,2450554,13220.0

 none,= 8,= 1024,180,5721,845925,2451817,180,5621,845808,2451716,11290.0

 none,= 8,= 1024,184,3172,855269,2512093,184,3072,855153,2511993,12880.0

 none,= 8,= 1024,179,1721,832292,2377552,179,1621,832156,2377452,12520.0

 none,= 8,= 1024,203,1535,876748,2329855,203,1435,876647,2329755,14010.0

 none,= 8,= 2048,361,1690,847559,2414607,362,1590,849177,2414507,20640.0

 none,= 8,= 2048,352,627,827260,2549611,352,527,827142,2549511,20860.0

 none,= 8,= 2048,361,2225,823007,2492781,361,2125,822879,2492681,26810.0

 none,= 8,= 2048,378,6505,816177,2369991,378,6404,816069,2369891,20040.0

 none,= 8,= 2048,369,852,811206,2498503,369,752,811088,2498403,23510.0

 none,= 8,= 2048,367,2406,813899,2445227,367,2306,813790,2445127,24270.0

 none,= 8,= 2048,355,2350,824672,2465542,355,2250,824564,2465442,25210.0

 none,= 8,= 2048,330,2205,828797,2519776,330,2104,828685,2519676,19910.0

 none,= 8,= 2048,366,16193,835060,2518988,366,16093,834934,2518888,25670.0

 none,= 8,= 2048,343,212,822497,2387533,343,111,822387,2387432,24000.0

 none,= 8,= 4096,671,552,865097,2520472,671,452,864973,2520372,45470.0

 none,= 8,= 4096,691,4254,860660,2417793,691,4154,860541,2417693,50100.0

 none,= 8,= 4096,694,891,850073,2536998,694,791,849959,2536898,48190.0

 none,= 8,= 4096,725,396,880583,2498505,725,296,880475,2498405,49580.0

 none,= 8,= 4096,686,2183,881323,2518635,686,2083,881213,2518535,48070.0

 none,= 8,= 4096,681,2199,901092,2364345,681,2099,900973,2364245,50210.0

 none,= 8,= 4096,694,702,863969,2574682,694,602,863864,2574582,43740.0

 none,= 8,= 4096,676,500,857172,2413686,676,400,857053,2413586,46980.0

 none,= 8,= 4096,707,485,873098,2540566,707,385,872979,2540466,48610.0

 none,= 8,= 4096,732,357,858429,2450736,732,257,858297,2450636,42380.0

 auction,= 128,= 4096,3975,616,291565,615679,3984,34,289539,590327,4140080.0

 maxsum,= 128,= 4096, maxsum,= 128,= 4096, maxsum,= 128,= 4096, maxsum,= 32,= 2048, maxsum,= 10,ry = 10,0,0,0,0,0,0,0,0,15.6001

 maxsum,= 10,ry = 10,0,0,0,0,0,0,0,0,15.6001

 maxsum,= 10,ry = 10,0,0,0,0,0,0,0,0,31.2002

 maxsum,= 10,ry = 10,0,0,0,0,0,0,0,0,15.6001

 maxsum,= 10,ry = 10,0,0,0,0,0,0,0,0,46.8003

